period_nm,fill,gap_nm,remaining_air_gap_nm,kx_norm,mode_index,freq_thz_real,freq_thz_imag,wavelength_nm,q_value,score
564.3,0.68,180.57599999999996,148.57599999999996,0.0,1,305.90754547877066,1.0190870882925759e-09,980.0100142374714,150089010543.39813,0.010014237471409615
