period_nm,fill,gap_nm,remaining_air_gap_nm,kx_norm,mode_index,freq_thz_real,freq_thz_imag,wavelength_nm,q_value,score
564.0,0.68,180.47999999999996,148.47999999999996,0.0,1,306.04843974136224,1.4756066022871728e-09,979.5588510542673,103702585522.11368,0.4411489457327207
