period_nm,fill,gap_nm,remaining_air_gap_nm,kx_norm,mode_index,freq_thz_real,freq_thz_imag,wavelength_nm,q_value,score
550.8,0.74,143.208,111.208,0.0,1,305.92835727531053,1.2449206911187149e-09,979.9433457886719,122870621180.0513,0.05665421132812298
