period_nm,fill,kx_norm,mode_index,freq_thz_real,freq_thz_imag,wavelength_nm,q_value,score
554.13,0.75,0.0,1,305.91135298696724,1.0717507933573881e-09,979.9978165987585,142715711004.35727,0.0021834012414956305
