period_nm,fill,kx_norm,mode_index,freq_thz_real,freq_thz_imag,wavelength_nm,q_value,score
560.0,0.75,0.0,2,303.1268039995623,1.485692222417245e-10,989.0001611353144,1020153432271.3561,9.000161135314443
