period_nm,fill,kx_norm,mode_index,freq_thz_real,freq_thz_imag,wavelength_nm,q_value,score
554.0,0.75,0.0,1,305.97373251935886,9.3908078282536e-10,979.7980223058273,162911294808.30856,0.2019776941726832
